{"m": 2.8903000540990673, "c": 7.086996669536792}